employee_number,employee_name,semi_monthly_salary,de_minimis_per_period,sss_per_period,philhealth_per_period,hdmf_per_period,tax_per_period,sss_loan_per_period,hdmf_loan_per_period,rcbc_loan_per_period,sample_dtr_notes
BACS-2026-0001,"Bacosa, Cesario Jr. A.",75000.00,2000.00,900.00,1875.00,100.00,11250.00,,,,"Executive — full attendance"
BACS-2026-0002,"Bacosa, Katherine J.",65000.00,2000.00,900.00,1625.00,100.00,9750.00,,,,"CFO"
BACS-2026-0003,"Germina, Mark Jayson H.",62000.00,1500.00,877.50,1550.00,100.00,9300.00,,,,"CTOO"
BACS-2026-0004,"Beltran, Lyn M.",58000.00,1500.00,810.00,1450.00,100.00,8700.00,,,,"CAO"
BACS-2026-0048,"Grageda, Riza E.",55000.00,1500.00,810.00,1375.00,100.00,8250.00,,,,"CBDO / HR"
BACS-2026-0005,"Gaid, Dorabel Y.",12500.00,1000.00,562.50,312.50,50.00,0.00,,,,"Admin — late pattern"
BACS-2026-0006,"Lagrosa, Noibo A.",11000.00,0.00,495.00,275.00,50.00,0.00,850.00,,,"Field — absent Sep 16 + SSS loan"
BACS-2026-0007,"Acompañado, Nancy G.",18000.00,1000.00,630.00,450.00,50.00,900.00,,,,"Finance — OT sample"
BACS-2026-0008,"Consuelo, Regine C.",14000.00,1000.00,562.50,350.00,50.00,0.00,,,,"Finance assistant"
BACS-2026-0009,"Abis, Oscar D.",11000.00,0.00,495.00,275.00,50.00,0.00,,,,"Field staff"
BACS-2026-0010,"Malazarte, Jan Kayle Mari",16000.00,1000.00,607.50,400.00,50.00,0.00,,,,"Technical staff"
BACS-2026-0011,"Guerzo, Jovelyn H.",22000.00,1000.00,675.00,550.00,50.00,1100.00,,,,"EHS head"
BACS-2026-0012,"Macatangay, Michael G.",10500.00,0.00,472.50,262.50,50.00,0.00,,,,"Driver"
BACS-2026-0013,"Dobleros, Reden D.",15000.00,1000.00,585.00,375.00,50.00,0.00,,,,"Accounting staff"
BACS-2026-0014,"Cayapas, Reymond I.",20000.00,1000.00,652.50,500.00,50.00,1000.00,,1200.00,,"PTL — Pag-IBIG loan"
BACS-2026-0015,"Alejandrino, Rey Mark A.",11500.00,0.00,517.50,287.50,50.00,0.00,,,,"GSS"
BACS-2026-0016,"Morados, Moses O.",11000.00,0.00,495.00,275.00,50.00,0.00,,,,"Field staff"
BACS-2026-0017,"Paredes, Matthew John Clifford D.",17000.00,1000.00,630.00,425.00,50.00,0.00,,,,"Draftsman"
BACS-2026-0019,"Aldamar, Jorge Jr. A.",21000.00,1000.00,675.00,525.00,50.00,1050.00,,,,"PTL — undertime sample"
BACS-2026-0020,"Macatangay, Norman G.",11000.00,0.00,495.00,275.00,50.00,0.00,,,,"Field staff"
BACS-2026-0021,"Fernandez, Gerald S.",19000.00,1000.00,652.50,475.00,50.00,950.00,,,2500.00,"Junior engineer — RCBC loan"
BACS-2026-0023,"Basa, Cris Janrey V.",15500.00,1000.00,585.00,387.50,50.00,0.00,,,,"Lab operator"
BACS-2026-0025,"Patricio, Mechelle E.",24000.00,1500.00,720.00,600.00,50.00,1200.00,,,,"Project technical supervisor"
BACS-2026-0027,"De La Cruz, Kenneth S.",13000.00,0.00,540.00,325.00,50.00,0.00,,,,"Maintenance"
BACS-2026-0028,"Elevera, Dondon A.",11000.00,0.00,495.00,275.00,50.00,0.00,,,,"Field staff"
BACS-2026-0029,"Becaro, Ronald D.",20500.00,1000.00,675.00,512.50,50.00,1025.00,,,,"PTL"
BACS-2026-0030,"Herrera, Realyn S.",16500.00,1000.00,607.50,412.50,50.00,0.00,,,,"Bookkeeper"
BACS-2026-0031,"Mitchell, Rey John G.",20000.00,1000.00,652.50,500.00,50.00,1000.00,,,,"PTL"
BACS-2026-0032,"Abrea, Allan James A.",12000.00,0.00,517.50,300.00,50.00,0.00,,,,"Admin staff"
BACS-2026-0033,"Lorenzo, Jay Ar Rhyan A.",19800.00,1000.00,652.50,495.00,50.00,990.00,500.00,800.00,,"PTL — OT/late + loans"
